amount,docs_verified,claim_count,fraud
59934.283060224654,True,1,True
81584.25631014783,True,3,True
54839.24543132068,True,2,False
35933.12396585185,True,1,False
52444.38330445359,True,0,False
37987.2262016239,True,1,False
66450.89824206378,True,2,False
54372.76632107725,False,0,True
47687.03435223519,True,2,False
27388.953906368664,False,0,False
36461.55999388083,True,4,False
19836.934209050345,True,1,False
66695.90838460857,True,0,False
57227.912110168276,True,2,True
21624.990828171944,True,2,False
33830.12794213625,False,4,False
77437.24267099553,False,1,True
75474.67240279113,False,0,False
21692.585158991715,True,2,False
31138.86383065475,False,2,True
51204.604198820525,True,2,True
56796.419283732874,True,2,False
78055.88621872198,True,1,False
30189.27349738623,True,2,False
62981.73465258213,True,3,False
42865.09948463611,True,3,True
21199.17104632404,True,5,True
54525.765389977496,True,0,False
87315.49022289514,True,2,False
65399.54719861587,False,2,True
32209.711407489533,False,4,False
21871.894656369022,True,1,False
47517.35222236681,False,3,False
31479.06761577044,True,3,False
71148.47017724752,True,3,False
56088.98239741705,False,3,False
54645.9231635281,True,1,False
49207.27715920762,True,2,True
40561.36268421133,True,2,False
97780.71914784925,True,3,False
41110.02511561634,True,0,False
60099.745579609145,True,1,False
85309.08480562194,True,3,False
19612.60068091973,True,1,False
58876.38856292457,True,0,False
24101.150510402804,True,3,False
51170.17804613688,False,1,True
45950.84948336898,True,3,False
63736.97025531942,True,3,True
40271.34467895279,True,1,False
37555.256701874416,True,4,True
64945.87210246523,False,2,True
81057.19551678651,True,0,False
76109.57614308658,True,2,False
44579.19075422915,False,4,True
73162.21747000136,True,1,False
51516.091163874524,True,2,True
62276.826829508485,True,0,False
40579.23388763354,True,3,False
35631.11557495128,True,3,False
49629.7372801522,True,0,False
75422.7645196183,True,2,False
54481.84963620834,True,4,False
74008.23096826796,False,0,True
93796.05866435345,True,1,False
34817.34676892604,False,3,False
32031.70657303284,False,6,True
48527.777684161876,False,2,False
47709.20309494764,True,1,False
50104.87399436366,True,3,True
52405.912634237975,True,3,False
81023.03951045046,True,4,True
79780.90347768957,True,1,False
15382.537924688651,True,3,False
69630.94753460163,False,2,True
57681.308978786146,True,2,True
27974.961903057763,True,3,False
33690.01853423023,True,0,False
38927.013893056355,True,1,False
36005.489840148286,False,1,True
62283.334000868505,True,1,False
19696.178756028956,True,1,False
61531.13926111533,True,1,False
17871.07359484855,True,1,False
37068.54231514947,True,5,False
80462.48154539315,True,0,False
77914.63871857128,True,3,True
40837.80194337247,True,1,False
1000.0,False,0,False
38464.57338863335,True,4,False
38708.859934608496,True,1,False
19514.189336600157,True,1,False
47028.97189985901,True,0,False
70125.85618428882,True,4,False
53394.58568780748,True,0,False
73355.64123319615,True,2,True
60869.663059275554,True,2,False
9237.50929644292,True,2,False
45216.42667939662,True,2,False
20428.27508440317,True,5,False
66606.71633088491,True,3,False
44602.50129413258,True,1,False
67392.1184021132,True,2,True
53411.88407161726,True,2,False
98915.03959233653,True,6,False
23171.09684400605,True,3,False
100773.82203474973,True,0,True
29757.91249479665,True,2,False
19944.69964738793,True,1,False
66088.7822022173,True,2,False
44622.22618890339,True,3,False
53961.6952153571,True,1,False
35743.084346456715,True,2,False
26449.432694501273,True,3,False
42762.180575339924,True,2,False
64433.4412808647,True,0,False
60009.550388412645,True,0,False
64219.19936406983,False,2,True
16604.416558632,False,2,True
18867.416529521925,True,2,False
69436.45380345471,True,1,False
93104.79076866146,True,1,False
24231.052404853504,True,0,False
53916.90510195363,True,3,True
55120.594686277516,True,1,False
13182.515373367096,True,0,False
43039.738274063224,True,1,False
76826.23839400269,True,4,True
38487.24347524452,True,3,True
49300.23019006076,True,1,False
62648.15478111042,True,2,False
23613.04221725189,True,6,False
58592.364382651715,True,2,False
58932.79463034171,False,4,False
51922.41553881967,True,0,True
29150.302515457228,True,0,False
78939.55768707466,True,3,True
51645.67978550848,False,4,True
68396.55020295327,False,2,False
41596.263658082855,True,1,False
49306.30225226437,True,3,True
69686.44796953167,False,2,False
73342.05828767273,True,1,True
61107.53633613816,True,0,False
78410.0849597971,True,1,False
54058.46041702599,True,1,False
37744.22619031228,False,5,False
22413.615439709454,True,1,False
39647.77401927657,False,3,False
63637.82979252623,True,8,False
37016.173501926416,False,1,False
42593.53262805407,True,1,False
45485.727048613335,True,3,False
79902.67491034823,True,4,False
41071.32770898943,True,1,False
73900.93257849685,True,4,False
47379.23186002008,True,2,False
21039.72199167512,True,2,False
72437.06378853697,True,2,False
86932.73992095332,True,2,False
35782.561391775176,True,3,False
55393.387147941416,True,4,True
53930.4233940294,True,1,True
36472.153958814604,True,1,False
66812.87097977448,True,1,True
40953.87361501846,True,4,False
44733.56194772072,False,1,False
60497.77557327901,True,2,False
29967.59980210169,True,2,False
55510.21124696506,True,0,False
51192.60739840348,True,5,False
76347.88131268651,True,3,True
36971.63992771103,False,2,True
62373.73095695811,True,2,False
50760.069563364006,True,1,True
44852.4692515331,False,3,False
54489.03637119944,True,4,True
66009.96483531945,True,3,False
56476.0025521189,True,2,False
72975.31400744207,True,2,False
72154.409005634,True,2,True
51536.43782120511,True,2,False
33232.250177642294,True,0,False
43567.298975652346,False,3,True
48567.97481171872,True,1,False
64652.80154431159,True,1,True
68326.55349404963,True,3,True
72163.65633475033,True,2,False
71461.74690820626,True,5,False
41021.58344780408,False,2,False
82668.63064602192,True,2,False
70102.85146556035,True,4,False
61948.00139699716,True,2,False
24439.54833127248,True,2,False
82840.30320272737,True,3,False
22208.550664728078,True,6,True
44946.28623998072,False,0,False
34920.70822266648,True,1,False
53597.88302306957,True,2,False
47314.637932849786,True,1,False
53209.524139976915,True,4,False
52445.95006064568,False,2,False
72988.3945652743,False,1,False
66058.03236291373,True,1,False
94453.91258270151,True,3,True
74491.68875252287,True,1,False
56287.66988109695,True,2,False
61379.66158370551,True,0,True
27984.4143432663,True,0,False
54675.71823581495,False,2,False
63899.9580155375,True,1,False
30186.152227245933,True,0,False
35289.40114820467,True,3,True
74261.95399958367,True,1,False
52670.81809564565,True,1,False
34280.21078984101,True,3,False
57771.57209061928,False,3,False
51636.5871709513,True,5,False
60730.19687140807,True,3,False
49499.46082509712,True,1,False
28697.726738492547,True,0,True
60155.153406230005,True,2,True
25806.10514317785,True,1,True
45731.14258139584,True,1,False
37731.9467291812,True,0,False
19314.02747231083,True,2,False
22662.42603169158,True,4,False
42168.70387340391,True,1,False
30117.875339156148,True,2,False
41134.354976169794,True,2,False
55697.797851443975,False,3,True
48233.1468198181,True,4,False
59199.44285878233,True,1,True
42693.56897375783,True,0,False
33950.145335767054,True,3,False
55650.87052213586,True,1,True
62142.62201567237,True,1,False
62833.74874309299,True,0,False
37129.63539239714,False,5,True
29103.81611957933,True,3,False
56148.13395618201,True,5,False
59819.49903276503,True,1,False
57993.75903505283,False,1,False
56176.66025197928,True,2,False
56573.04320746418,True,1,True
66569.09031390212,False,0,False
38389.53100390555,True,2,False
55559.66129485417,True,1,False
21002.86869038188,True,3,False
61781.138948117354,True,2,True
19486.873708598105,True,0,False
94285.03046924551,True,3,False
37504.20906131895,False,1,True
72318.04106730723,True,3,False
33134.78791412515,True,5,False
43007.756264443924,True,3,False
21783.510038242493,True,0,False
52817.72493822408,True,2,False
42623.3954081492,False,2,True
49449.701898987274,True,2,False
57906.18924916968,True,1,True
30472.494574332566,True,2,False
79853.77137919044,True,1,True
1515.1947945411666,True,1,False
51339.81434449744,False,0,True
67692.13579725385,False,2,False
59328.599648670526,True,1,True
35308.168464039016,False,2,False
44089.17519706902,True,1,False
24673.189887485914,False,3,False
35784.79792901643,True,2,False
37080.71641750929,True,2,False
42790.53191590808,True,2,True
67662.19554294318,True,1,False
41472.84807588914,True,2,False
57251.4163005297,True,4,False
37129.00335365076,False,3,True
30897.54841301294,True,1,False
50484.38913345516,False,4,False
26219.77435239931,True,4,False
56769.67686923382,False,2,False
46692.019637129764,True,3,False
38694.30447201837,True,4,False
58074.601806732186,True,0,False
73893.48288656044,True,2,False
67425.94594914488,True,2,True
70573.65221392784,False,4,False
63451.47402405462,True,3,False
39293.436280921545,True,3,False
64776.209617750064,True,4,False
56790.2896763768,True,0,False
49611.60788224535,True,2,False
58566.25924946993,True,2,True
51401.04326226363,True,2,True
55303.11054597775,False,3,True
79481.1210497616,True,4,False
51508.672778031854,True,2,False
79581.5794681152,True,1,False
41208.225779364526,True,1,False
45596.107459840845,True,2,False
43815.81845900273,False,2,False
34416.96696143405,True,0,False
71520.14277197196,True,2,False
22445.98453766295,True,3,False
52897.35329315111,True,0,False
6963.691973413901,True,2,False
60238.4818205855,True,3,False
54134.480944899886,False,1,False
51167.02008570955,True,0,False
47429.24977122139,True,0,False
10812.195478185124,True,4,False
70011.64636085957,True,5,False
76086.80485756305,True,2,False
30711.914907766153,True,3,False
72206.04723965528,True,1,False
87827.75699100678,True,1,False
47957.431199300016,True,0,False
44824.07874665795,True,1,False
63939.08809021471,True,4,False
60579.15872785041,True,4,False
34244.32496183522,True,1,False
10414.003792484247,True,1,False
1000.0,False,4,False
49397.114609582975,True,4,False
56161.010790082044,True,4,False
49730.56356669684,False,2,True
38086.77411913016,True,4,False
58293.970574617735,False,1,False
73316.1203841677,False,0,False
61871.13444561724,True,1,False
72482.25439972027,True,0,False
72907.78377094705,True,2,False
69062.50090752174,True,0,False
60300.85346552376,True,6,False
46738.660721124725,True,0,False
52135.74386948347,False,0,False
12127.70666092429,True,3,True
17848.802712620516,True,3,False
44709.703173787784,True,4,False
50159.28565294661,True,2,False
66142.4519327462,False,3,False
49488.51375616011,True,0,False
37476.19935556867,True,1,False
32831.001192506286,True,1,False
70548.43070677549,False,4,False
1223.6568344714178,True,1,False
69307.94969182342,False,4,False
41237.80351512811,True,3,False
21908.714858607167,True,4,False
70782.23574840536,True,2,True
75491.8375058703,True,3,False
32430.343269038596,True,0,False
64816.48690840252,True,1,True
45428.00169319963,True,2,True
60761.234403636176,True,3,False
45246.09750620718,True,0,False
52037.125905239736,True,1,False
53295.216824730334,False,0,False
63404.39794554677,True,1,True
35137.314704640325,True,2,False
50417.72976591923,False,0,True
36757.38309064802,True,3,False
24037.462298907394,True,1,False
44740.42392438644,False,1,True
28218.397677043908,False,1,False
39401.24461075022,True,3,True
45985.01672894272,True,0,False
41415.11159402676,False,3,False
18037.512962325047,True,1,False
58517.74412386071,True,1,False
64395.15884296364,True,1,False
43738.839389536915,True,2,False
36086.572443035955,False,1,False
49605.01812930746,True,0,False
64883.839429998734,False,0,False
23117.71059273626,True,5,False
77574.19492526702,True,2,False
41859.27374146439,False,3,False
32024.319033537435,False,4,False
58180.56107485275,True,2,True
2084.2771325426875,False,4,True
52189.41208094578,True,1,True
63804.73600760545,True,2,False
63587.465659130066,True,2,False
67271.93318493181,True,5,False
38031.48129312879,True,1,False
61369.60450549197,True,2,False
42320.57456095297,True,4,False
66321.45686787696,True,4,False
58790.02461240453,True,3,True
63910.75515131555,True,0,False
48794.22017216776,True,4,False
63976.5684040507,True,3,False
40423.25087983192,True,3,False
74238.87970772802,False,0,False
51394.93697682098,True,1,False
74354.96971302401,True,0,False
39283.97073895404,True,1,False
53200.36451705576,True,1,False
41730.69677753448,True,1,False
50655.93990823173,True,1,False
67803.96822249574,True,2,True
15050.938306098695,True,3,True
48332.31449451414,True,3,True
73798.22794482336,True,1,False
45701.792896998435,True,3,False
43457.63606822376,False,2,False
49528.956982515236,True,3,False
84991.67808410841,True,2,True
57183.6609838416,True,1,False
84100.2829441406,True,1,False
58157.53564750643,False,2,False
67383.12128778547,True,0,False
53076.63832156514,True,1,False
72139.29532605283,True,2,False
89850.30706336236,False,0,False
40418.97885276492,True,2,False
40137.54355200456,True,1,True
65807.43792103423,False,1,True
28296.98946884404,True,2,False
36638.58695804459,False,2,False
45404.007388496124,True,1,False
68436.03003954505,False,3,False
61110.252926844965,True,0,False
52242.09893649034,True,0,True
35808.40290501655,True,1,False
22447.649984915253,True,4,False
71718.53392645594,True,3,False
55036.735012472374,True,1,False
40542.97155300714,False,1,False
49085.995378064414,True,2,True
55612.728089802724,False,3,False
23615.05610802465,False,2,False
44485.956141582676,True,1,False
46121.01199114693,False,3,True
24914.022741284964,True,2,False
63030.43982679011,True,0,False
55370.67972929617,True,5,True
71484.9446788932,True,1,False
57120.052584500525,True,4,True
86186.1269946622,True,1,False
42589.83802819942,False,1,True
31844.87639706159,False,3,True
53436.78679587063,True,1,False
59264.12584198246,True,4,True
31011.513465484717,True,0,False
56993.000945993874,True,4,False
40617.01939948379,True,0,True
65135.77359973964,False,2,True
74295.9411378877,True,2,True
62441.39980612097,True,0,False
71428.22603774983,True,5,False
22919.63283003192,True,4,False
62510.16033662071,True,0,False
73790.30085330084,True,2,False
70229.26070816713,True,1,False
61257.6172034871,True,2,True
60461.58008004789,True,5,True
16905.43447180005,False,2,True
48521.048687832146,True,4,False
46670.61743529542,True,3,False
55773.07861614968,True,1,False
56861.3401785187,False,0,True
46464.51673768436,True,0,False
15955.734678399771,True,1,False
42369.51721616855,True,1,False
42411.91002028316,True,1,True
11638.007989924154,True,1,False
26686.568194226704,True,1,True
12284.661624915156,False,0,False
84777.02703706663,True,4,False
26312.796553759545,True,4,False
15922.568263465619,True,1,False
88082.73179146013,True,2,False
32153.492196231065,True,1,False
58839.72012790061,True,3,False
39353.7546814042,True,3,False
36352.1801142821,False,1,True
55923.696094620274,True,1,False
35709.0598305826,True,1,False
36876.08090223114,False,3,False
88783.85138198933,False,3,True
38012.67012319362,True,4,True
8317.74121002823,False,1,False
38603.34143522482,True,1,False
40999.74284008372,True,0,False
65081.66340580944,True,2,True
51961.35079077889,True,1,True
51835.049688967454,False,2,True
56626.83293558681,True,2,False
67520.93585059588,False,1,True
17210.316749491314,True,3,False
56481.14056443121,True,3,False
74119.89033093632,True,4,True
62708.92056628715,True,4,False
33509.71676944653,True,2,False
54586.28256869294,True,2,False
68227.25444349443,True,6,True
59334.324680103644,True,2,False
80327.88110507146,True,2,True
15113.385614434847,False,4,True
41727.889331567116,True,2,False
58591.26000406959,True,1,False
28438.757000725716,True,3,False
59688.93210557876,True,2,True
53808.47779850115,True,0,False
27053.5606470332,True,3,False
55333.455275666405,False,1,False
6294.063053301885,False,3,True
28614.262891623493,True,1,False
42459.11661731484,False,0,False
19710.593816384662,True,4,False
77408.19387967733,True,3,False
44028.06524780747,False,3,False
63093.532349646266,True,2,False
48110.825711159945,True,4,False
51468.690384822374,True,1,False
58870.034411690496,True,2,False
43982.805057183476,True,1,False
70974.14252833127,True,1,False
59824.153308239926,False,1,True
11812.87824985414,True,1,False
48215.31691557102,True,3,False
59469.43798070457,True,1,False
58645.259012683106,True,3,False
66839.67390904254,True,2,False
11356.656749479007,True,1,False
62168.841389483845,True,1,False
83961.85812667466,True,0,False
31085.078786064376,True,3,False
20664.29618768646,True,4,False
78028.58004532149,True,0,False
67859.07740217539,False,2,True
13278.560249949216,True,3,False
79391.65074721773,True,1,False
63268.95458303022,True,1,True
40937.88264038575,True,4,False
35293.93078636096,True,2,False
71457.73485985787,True,2,False
41641.80908468219,True,0,False
51517.547799196254,True,1,False
54382.2120006882,True,4,True
16628.014822436096,False,1,False
54579.9278491868,True,5,True
32378.633266774155,True,2,False
73300.64209678915,True,1,True
34796.211020758274,True,2,True
31674.5179887255,True,0,False
62168.15507598453,True,2,False
43397.59812067099,True,0,False
49369.753511539544,True,4,False
83527.86054416405,True,1,False
54332.49950809238,True,5,True
91720.94099074227,False,1,False
48921.90301988522,True,1,False
53922.62918047815,True,2,True
89417.28541435598,True,4,False
77991.89290291586,True,1,False
64121.57827630263,True,1,False
29472.615846682158,True,3,False
39612.07256347747,True,2,False
24986.078740235476,True,3,False
45733.404013814616,True,3,False
53450.5356584618,False,1,False
14065.239740438934,True,0,False
60119.311069117306,True,0,False
69917.43953317855,True,3,False
45914.09333396326,True,1,False
34873.53150742851,False,3,False
71903.20823440464,True,2,False
58719.50779000092,True,5,False
36501.31962418895,True,2,False
45313.301779158726,True,1,False
56516.81704295849,True,5,False
51035.67702397907,True,2,True
52910.423955364815,True,1,False
47769.82345714112,True,1,False
47446.9063696362,True,3,False
83914.4575562173,False,2,True
92073.4620612344,True,3,True
17247.901650866563,True,3,False
34213.05975898075,True,3,False
52207.79278215394,True,1,False
62414.95110558848,True,2,False
73612.81824904289,False,3,False
56459.490072353365,True,3,False
58695.40129113782,False,0,False
44996.24333585674,True,3,False
29978.755732311343,True,5,False
2541.3071361633192,True,2,False
91916.87003618319,True,1,False
56617.02609231156,True,5,True
39370.9089728157,True,2,False
69878.59514243304,True,2,False
54655.73485880328,True,3,True
54581.49376411405,False,5,True
33360.90165011097,True,2,False
35498.06558051645,True,1,False
35619.86664637192,False,0,False
71367.58667388033,False,0,True
47852.90418571967,True,5,False
44467.28261677107,True,1,False
27346.72492880705,True,2,False
50680.54822144464,False,3,False
30283.923826643466,True,2,False
36255.4693817198,True,2,False
61928.82275163505,False,4,False
19836.242912921425,True,1,False
69804.76907410365,False,4,False
52987.26964542378,True,3,False
57466.97119422796,True,4,False
66337.35939064524,True,3,False
45925.457439168036,False,1,False
23107.019450611497,True,3,False
38138.5573113554,False,4,True
68662.56144682139,True,3,False
47192.49882189327,True,1,True
58481.33723036903,True,1,False
70252.74819288144,True,1,False
46371.01861504967,True,2,False
60204.55290339215,True,2,False
9630.242712227242,True,4,True
21817.86144488046,True,3,False
52988.38947018394,False,1,False
25330.04832110193,True,1,False
47870.242336389056,False,2,False
55547.16923929352,True,3,False
30492.679454435,True,1,False
70036.49707363875,True,1,False
14578.628938238173,True,4,True
28873.44001388517,True,1,False
32175.66103916201,True,3,True
45941.650739791105,False,0,False
46713.29588229218,True,1,False
25654.346155590414,True,1,False
63099.5116844338,True,1,True
24710.031860900686,True,3,False
42046.406127707916,False,1,True
49102.13939754926,True,2,False
55579.83589496948,False,0,True
70721.75302092513,True,1,False
30639.084829795094,True,1,False
82175.61711468747,True,2,False
43441.16159465282,True,0,False
42689.881260294685,True,1,True
40961.01256176244,True,1,False
42562.84235442669,False,2,False
70067.6552843988,True,1,True
45075.157561025655,True,4,False
19345.988802201384,True,2,False
38482.36575083358,True,4,False
42138.94485877198,True,5,True
83381.39051652662,True,3,False
21694.65616151625,True,2,False
32316.83040112464,False,2,False
44746.80959367665,True,0,False
65053.646305721144,False,1,False
80374.36705433587,True,3,True
70160.0800858652,True,3,False
51939.403535216996,False,1,True
56289.5894496681,True,1,True
62602.97552855723,False,5,True
42658.591880366555,True,2,False
56951.23227607104,True,3,False
77251.25705424904,True,2,True
39561.864997899414,True,2,False
10490.244575657249,False,3,True
8443.76360287606,False,0,False
47877.60968861336,True,3,False
34791.636003772524,True,2,False
30300.1374836597,True,0,False
73550.89449539172,True,1,False
83691.59492033799,True,1,False
54348.33151373427,False,4,False
26976.925268942614,True,1,False
49553.99432563894,False,2,False
53851.20469065252,True,0,True
47913.144140262164,True,0,False
52483.13181942606,True,4,False
30981.78540625536,True,3,False
61440.12556600946,True,2,False
26534.608879921398,False,1,True
41852.37265236378,True,0,True
76223.3499560525,False,0,False
45877.50985494717,False,0,False
28027.591496443754,False,1,False
61909.817952785146,True,0,False
30391.85180403924,False,5,False
36475.175835151524,True,2,False
45146.02504349437,True,2,False
83686.97032249962,True,3,False
44363.95238626552,True,4,False
57626.19224529569,True,3,True
48791.92541606184,True,3,False
37003.46229005127,False,2,False
30974.612137233962,True,2,False
40316.52097502526,False,3,False
86268.15397030846,False,0,True
30556.952035946775,True,0,True
40424.82856956623,True,2,False
46801.6795432912,True,4,False
10152.646793875145,True,2,False
36483.72057933362,False,0,False
59881.27837951039,True,1,False
65956.87559791534,False,0,False
43590.74900480712,True,4,False
2160.8759137395245,True,4,False
53005.77263153548,False,3,True
32976.73719500589,True,3,False
34809.86677187103,True,1,False
8089.287931541745,False,2,False
54676.960515791965,True,1,False
69952.64153840489,True,3,False
48803.47712940192,True,2,False
18531.00479795563,True,2,False
48637.531496640935,True,3,False
34418.14521246599,True,0,False
33514.32884642496,False,0,False
20318.866701513296,True,1,False
74132.1630972783,True,0,False
35093.530325858184,True,2,False
37399.500409322114,True,1,False
59894.113075500645,False,2,True
15576.483494205517,True,3,False
68638.6908463262,False,2,False
59460.7656432043,True,1,False
68823.63732839939,True,2,False
10681.420117060443,True,2,False
58084.25730554664,True,3,False
55532.015310223615,True,2,False
47500.4053937157,True,1,False
39992.27819759132,True,1,False
30609.92988308021,True,3,False
41875.15102260944,True,4,False
66793.27728862378,True,2,False
65266.68301867753,False,1,False
76607.63371316121,True,4,True
60818.1703712198,True,0,False
65532.920567882946,True,2,False
42983.01139847051,True,3,False
57007.40432772676,True,4,True
69915.62456755058,True,3,False
45749.9727061767,True,1,False
24525.65198549101,True,1,False
51914.716677331264,False,1,False
64941.45687693105,True,2,False
67001.58664835106,False,1,True
56463.70964916412,True,3,False
40776.60535930762,True,2,False
60409.75689548464,True,1,False
40783.35320406474,True,2,False
38213.355371452766,True,3,False
30824.430876264505,True,2,False
55865.49930520629,False,2,False
26260.132233885106,True,1,True
46441.64248391204,True,1,False
40245.89254102511,True,4,True
69452.35285415484,True,2,False
64849.178271852405,True,4,False
71382.88527871827,False,3,True
47450.74063565231,False,2,False
48412.23151188594,True,1,False
28596.168742113365,True,0,True
45114.38120446932,False,2,False
79042.3539836512,True,3,True
66178.38538785439,True,0,False
50561.575480959815,True,2,False
54189.40167295545,False,3,False
40806.864554540065,True,0,False
52857.0202598416,True,5,False
26722.845644803507,True,0,True
43096.70589100407,True,2,False
44687.563564389246,True,1,True
26575.676532454607,True,0,False
40927.272248166344,True,2,False
62798.06801967065,False,1,False
38049.48596731089,True,1,False
49857.52775583327,True,4,False
22145.29055666007,True,2,False
94310.8923240953,True,0,False
54921.672306328175,True,2,False
53952.986057990136,True,1,False
25303.085726618177,True,0,False
59605.2100281185,True,5,False
79420.69381634207,True,1,False
21127.914756604703,True,3,True
69026.12488598967,True,1,False
52526.28398966401,True,3,False
78138.69491783502,True,2,False
59801.59256502991,True,4,True
97767.43985740877,True,0,False
50752.52647690038,False,2,False
48381.65324674624,True,3,False
29077.578298749915,False,1,False
34182.36416610869,True,4,False
38918.5254553202,True,1,False
61693.66563835844,True,1,False
73685.06832062933,True,2,False
30111.429564004156,True,1,False
50303.658850808664,False,4,False
15500.212678269112,True,3,False
19893.95877983313,True,2,False
47707.18328987215,True,2,False
92991.0652746562,True,3,True
81651.09938625064,True,1,False
36492.53522393424,True,2,False
56146.9123341594,True,3,True
33086.53791011774,True,5,False
67375.45001181542,True,0,True
51010.72685585823,True,1,False
54955.74362104164,True,0,True
63711.79492596833,True,2,True
55919.75809685924,True,4,False
67414.93289176807,True,1,False
36259.71800601005,True,3,False
52938.70596773375,True,3,True
37839.87714125353,True,1,False
36372.39529860852,True,1,False
32952.264678517924,True,2,False
64991.63486615311,True,0,False
33558.47976344145,True,0,False
44916.912946603006,True,2,False
29451.92896947978,True,1,False
55356.872757326666,True,5,True
71253.14581575053,True,4,False
67304.89900687884,True,1,False
48500.207617455584,True,1,False
92900.72841537415,True,2,False
50062.954538126534,False,0,True
22147.024844334926,False,0,False
84962.74138241672,True,2,False
80578.57989627481,True,1,False
59588.83383486536,True,1,False
66015.30853479182,False,1,False
70676.10752017249,True,3,False
58781.3711178034,False,2,True
55735.48224765172,True,2,False
110294.2341860442,True,0,True
47703.95502481873,True,0,True
56253.01982414645,True,2,True
14087.1365473997,True,4,False
51142.3568110235,True,0,False
51532.18140903319,False,5,True
46281.510381024586,True,2,False
59821.32086890713,True,3,False
54649.73236838734,True,0,False
93701.89790072225,True,2,True
80160.24547579553,True,3,False
58583.562397499976,False,2,False
25668.38391728581,True,1,False
43896.22309038496,True,3,False
49588.788852989856,True,1,False
62190.52090417202,True,5,True
51689.33572779895,True,0,False
51728.60378175085,True,2,False
13584.794443959676,False,1,False
47697.80612153521,True,4,False
64122.570982186524,False,5,True
54934.42777397213,True,1,False
62900.757108979946,True,3,False
43496.7453515675,True,2,False
44525.41495666478,True,5,False
57852.68231301936,True,4,True
62642.41894455622,True,0,False
70677.62109848417,True,2,True
65961.19746704685,False,2,False
32614.260260227125,True,1,False
55460.21434988771,True,0,False
32371.501876652936,True,3,False
27022.971801414238,True,3,False
59201.086828928885,True,4,True
31640.47790778528,True,0,False
45439.439404302415,True,3,True
55278.06234437517,True,2,False
29482.637880610473,True,3,False
55819.29460274886,True,2,True
41879.98672183015,True,2,False
86152.17015538526,True,1,False
22043.89043151406,False,1,False
65017.45558802664,True,2,False
56196.751863998456,False,0,False
30684.347342720816,True,1,False
41750.41976224127,True,2,False
34698.753341781485,True,1,False
37898.664237705205,True,0,False
23282.751916627734,True,2,False
72263.56586601416,True,1,False
63544.17042700367,False,3,False
61966.603476157085,True,1,False
90273.97834662715,False,0,True
67157.97650582687,False,1,False
34820.58602193311,True,0,False
88145.95672853108,True,1,False
46396.383372542616,True,2,False
71683.96488087086,True,2,False
17809.580338380412,True,1,True
74509.41090628938,True,2,True
39749.317787069,True,4,True
56730.7676374196,True,1,False
55216.46335355066,True,2,False
62275.41711579818,False,4,True
43023.93690254051,True,2,False
46195.183111735685,True,3,False
28075.593502628697,True,6,True
39512.800886368335,True,3,False
42000.3594434218,True,3,False
42897.668691137835,True,1,False
71842.05922038667,True,2,False
12144.756448198961,True,1,False
32969.20040441363,True,2,False
61735.94755969452,True,2,False
38593.71864427068,True,4,False
20866.371173518364,True,0,False
63758.65944102856,False,3,True
32987.73494096105,True,4,False
89984.79392667004,True,3,False
46912.52930552142,True,3,False
69144.67615497371,False,1,False
39356.550875131084,True,1,False
2383.0441010667855,True,3,False
50821.927638664114,True,3,False
78144.6002276727,True,1,True
74159.88079720773,True,3,False
64706.823083955926,False,2,False
45457.87984438148,False,3,False
60091.63628954781,True,2,False
36637.2813993678,False,1,False
42335.703260827686,True,3,False
59228.49665917037,True,0,False
28887.210204028073,True,2,False
39797.585210422476,True,3,False
79025.09313909226,True,1,False
65415.376128702774,True,1,False
57964.41902840587,False,4,False
49944.27778666197,True,1,False
36637.13903344466,True,1,False
82870.83018241059,True,3,True
73722.90948084598,True,0,True
54488.344158882326,True,3,False
21128.85931632549,True,0,False
45722.496648907225,True,2,False
53675.98745986859,True,1,False
45399.49384171989,True,0,False
57807.323887907514,True,2,False
62244.800298138274,True,1,False
57028.13337684566,True,3,False
76667.74600440849,True,4,False
65210.12239168285,True,3,True
47381.48389747747,True,1,False
77569.34710907616,True,3,False
40247.33158090075,True,3,False
99948.30252839708,True,2,False
28315.124927765817,True,3,False
38467.96446514058,True,3,False
26374.263866543482,True,5,True
62583.501821014055,False,1,False
46754.35105665172,True,0,False
43135.881463139245,True,5,False
67134.74842940917,True,5,False
41322.530740416216,True,1,True
41040.773231000494,True,1,False
47102.42876104226,True,2,False
75865.98990482518,True,1,True
111797.7921537277,True,3,True
25104.662516616347,False,1,False
31946.228123558543,True,2,False
39626.66560757579,True,0,False
11901.284451642285,True,0,False
52144.15924080267,True,2,False
42187.26938497296,True,2,False
59041.35676519342,False,2,True
66982.85211864382,True,3,False
43409.923987277485,True,3,False
24867.054987419036,True,4,False
73543.69926368678,True,2,True
55843.94589766682,True,0,False
1293.7533643422285,True,0,False
86684.04071712549,True,0,False
38062.104305360575,True,0,False
14711.036555388833,True,2,False
53686.18128156207,True,2,False
20868.24053481273,True,2,False
31570.979531421573,True,2,False
31980.5996314749,True,0,False
74868.11594374324,True,1,True
36857.30075443884,True,0,False
22800.61619761651,True,2,True
1926.6279779893957,True,4,True
47142.6682931604,True,2,False
59019.25269552954,True,2,False
1000.0,True,1,False
10203.68962401706,True,2,False
60114.70864945598,True,1,False
65957.01402764278,False,0,True
42029.86164234973,True,2,False
62882.47535700217,True,5,True
73619.79810611345,True,2,False
107834.05979913534,True,2,False
23582.43289245365,True,0,False
74798.7361457718,True,2,False
52731.947911775045,True,0,False
64061.30293482203,True,3,False
23198.86219278381,True,4,False
69514.267553385,False,0,False
47826.24566826695,True,1,True
55859.0366703767,True,4,True
89827.40836833809,True,2,True
59972.0963697446,False,0,False
30033.864494178903,True,3,False
27718.37283533825,True,2,False
11847.763860864012,True,4,False
93571.24347983324,False,4,True
47784.17048624448,True,0,True
10688.882170469893,True,1,False
21463.468464373153,True,1,False
66404.64796611968,True,3,False
50039.536895116216,True,2,False
73678.40967702746,True,4,False
50986.56331589687,True,1,False
33286.21989959928,True,1,False
61529.02690244845,False,3,True
23268.6299937016,True,0,False
54505.16906990197,False,0,True
43792.18017244869,True,3,False
64907.214481557516,True,2,True
64066.26122915184,True,1,True
64124.619495341394,True,1,False
60199.5383448066,True,2,False
70819.08347595579,True,1,False
66447.00941791508,True,3,True
80606.69128708822,True,2,True
50645.08458121914,True,1,False
50569.2689683831,True,1,False
7217.71751138298,False,0,False
20447.751861611105,True,2,False
40220.1542084305,True,0,False
64491.83557446245,True,0,False
20351.717178822546,True,3,False
23707.252084159893,True,3,False
23137.49464710918,False,1,False
31382.29512593611,False,2,False
58336.03148966228,False,1,True
71659.99877033738,True,2,False
39791.15586466898,True,0,False
38954.774957747824,True,0,False
51764.715077718974,True,3,True
93194.78521321999,False,0,False
40468.97153561517,True,1,False
44688.78974962918,True,3,False
21479.63765759096,True,1,False
55824.05510276065,True,3,True
34880.98586616159,True,3,True
37901.864721436505,False,3,True
102757.63504520399,True,2,False
42255.01268042095,True,3,False
53020.65818110271,True,4,True
42753.04884907795,True,2,False
48444.545994711676,False,2,False
25816.02577520788,False,3,True
29196.025780890537,True,5,True
31417.273189804837,True,1,False
69176.32612935345,True,4,False
91475.57365606568,True,4,False
74668.12152705339,False,1,False
39663.06233652343,True,3,True
47708.811450549605,True,4,True
41359.12371510451,True,1,False
69467.31904971229,True,1,False
91810.59803943225,True,3,False
38006.72691282002,True,2,False
39748.22406042983,True,2,False
42645.95347564426,True,4,False
46566.52692150433,True,3,False
91156.22354195525,False,2,False
24662.06574146812,True,3,False
30592.320364974934,True,2,False
67601.31925914684,True,2,True
64752.51860261005,True,3,False
50896.36394200336,True,0,False
24312.259278549715,False,0,True
45338.06157925702,True,2,False
38988.25865998587,True,2,False
45677.91257633361,True,2,False
23093.290251695173,False,2,False
30514.188783467413,True,0,False
34679.095951992,True,4,False
39604.5042073994,True,2,False
42384.73192276391,False,2,True
46949.99859699376,True,1,True
8576.402348390671,True,2,False
45119.432956577315,True,3,False
64062.80394472099,True,3,False
69159.87882960038,True,1,False
48671.02049381088,True,2,False
24626.16046313654,False,3,True
61363.68006680795,True,1,False
76108.04852530333,True,1,True
61800.095222089425,True,2,True
42627.61268428601,True,2,True
60023.42528977337,True,0,True
61578.5729714247,True,1,False
36286.501648197394,True,1,False
39667.716024797846,True,2,True
18922.139911049144,True,4,False
44389.95893176765,True,1,False
47837.22019217166,True,4,False
9787.860423264268,True,2,False
92860.1410916982,False,0,False
22371.34694939404,True,2,False
44241.878462641595,True,3,False
32399.76036618472,True,2,False
27175.275663105444,True,2,False
68252.4064508088,True,3,True
34256.518600260075,False,4,False
49974.64293025006,False,3,True
51220.57167112642,True,3,False
80294.29224988807,True,2,True
42132.35404510686,True,2,False
36573.515394630354,False,2,True
28019.215509362817,True,1,False
61058.10457198963,True,1,False
35011.680260860536,True,2,False
59328.91601679612,True,5,False
12520.598486351097,True,1,False
52130.69934107561,True,0,False
57380.32875650334,True,4,True
18527.408579164054,True,1,False
24993.72834081373,True,1,False
65491.60995463483,True,1,False
27638.79144036344,True,5,True
74329.19555798234,True,5,False
54199.45243049262,True,1,False
54466.04679104411,True,3,False
22364.595150328907,True,1,False
15656.217332792425,True,0,False
62298.89278062756,True,5,False
15787.932911269716,True,1,False
30907.637960998796,True,0,False
58253.300463636435,True,4,False
66394.79434516189,True,2,False
30965.1105341656,True,1,False
83555.79509491005,True,5,True
50212.725366973624,False,0,False
63689.00955272856,True,2,True
17579.834308473222,False,3,False
17195.2826667306,True,2,False
31793.513161434323,True,1,False
33251.88549369018,True,1,False
10709.279237941504,True,3,False
64985.651137589026,False,1,True
46543.08650371778,True,2,True
40300.91146403474,True,2,True
37275.5257469614,True,2,False
58867.959012721134,True,4,True
50642.86293929122,True,1,False
37636.79102632745,True,4,False
10320.06633706091,True,1,False
36659.170484226255,True,1,True
32772.73894100904,True,3,True
83836.69675049167,True,1,False
26159.47316033629,True,0,False
25110.271002222686,True,3,False
49174.17276430677,True,3,False
42655.92131576504,True,1,False
7803.235187487167,False,0,False
64666.964653780764,True,1,False
65936.0966611413,True,2,False
58647.0542840068,True,1,False
48654.45070172931,True,1,False
67579.27946141303,True,1,True
41407.300429449824,False,3,False
13229.62753455859,True,1,True
42644.3094685789,True,1,False
30038.107444619294,True,2,False
65400.44974261415,True,2,False
53901.538508452046,True,0,False
40405.865208843534,True,1,False
52366.22296233339,True,4,False
81205.11059061861,True,2,False
27477.7204844252,True,2,False
61761.53350335664,True,2,False
44412.9344917335,True,2,False
64294.9129977789,True,4,False
58756.47532487145,True,0,False
75809.214827527,True,2,False
43358.30506651609,True,1,False
48879.706563326574,True,1,False
36054.32639060372,False,1,False
70073.81422224003,False,4,False
65959.5050916381,True,2,False
56568.65981163098,False,2,True
89062.14396545148,True,2,True
18934.334949460404,True,2,False
22558.416254607717,True,3,False
61174.47673888971,False,2,True
12505.434388771842,True,2,False
51061.18625865238,True,2,False
48697.989224893914,True,1,True
24839.601774673254,False,2,False
30413.995394347294,False,2,False
46576.87226499272,True,0,False
33190.140289866176,True,2,False
48321.962734634064,True,4,False
61846.59094026686,False,1,True
39440.11956468773,True,1,False
56194.53558272005,True,3,False
32466.05828761414,True,2,False
44248.8377969773,False,2,True
87957.74585317411,True,2,False
73729.22074660649,True,2,False
56288.89181749705,True,4,False
98529.27349213982,False,6,False
85509.81698480097,True,3,False
55624.609844372084,True,2,False
84793.30503940902,True,2,False
45917.40462254568,True,1,True
53212.99880706233,True,4,False
56367.45879029333,True,1,False
46237.94248909897,True,2,True
11653.022279794022,True,4,False
58734.6511112967,True,5,False
65089.513995413996,True,6,True
67479.79502013765,False,0,True
67458.65735150916,True,4,False
28905.910900681603,False,2,True
49820.67348472521,True,3,False
49550.620466508655,True,1,True
23490.02064008628,True,2,False
40866.04769953508,True,4,False
35495.12646724429,True,2,False
31435.600653039644,True,1,True
62706.58390432413,True,0,False
64045.528551031566,False,1,False
85665.41620791674,True,5,True
74214.02506295033,True,1,False
35125.67829411004,True,1,False
67254.09843980033,True,4,False
26162.505916175003,True,3,False
70760.25054631924,True,2,False
89630.48534165337,True,2,False
61448.90612310204,True,1,False
45020.526894386494,True,2,False
54231.29666388496,False,1,True
115527.98690226,False,3,True
66324.43745114384,True,2,False
12499.852250561271,True,3,False
65640.54775148255,True,0,True
32066.670113332366,True,2,False
43469.282949308574,True,1,False
59225.44168635662,True,0,False
53183.54231845162,True,4,False
65524.57009448212,True,2,False
29557.275122527546,True,2,False
37664.492769605844,True,0,False
30662.369480719637,True,2,False
41572.863844591164,True,3,True
48093.17817606635,False,5,False
45490.13153330728,False,4,True
66538.86920930391,False,2,True
44712.88333593066,True,0,False
59838.1803485448,True,3,False
57961.2434970601,False,2,False
33993.291876693926,True,1,False
26455.471650975793,True,3,False
53529.68367325906,True,2,False
46279.84611415807,False,2,False
51759.47094258338,True,1,False
35278.72693062972,True,0,False
77806.66367064342,False,0,False
64798.88102758632,False,0,False
4737.064184897121,True,4,True
19346.320581525317,True,1,False
57260.08569612154,True,0,False
39741.30796442994,True,3,False
20209.372932394057,True,2,False
73784.52922511571,False,1,False
29215.596720184676,False,0,False
58426.39588464872,False,2,True
78938.8829277396,True,3,False
59707.1981510638,True,2,False
49119.889101163484,True,2,False
80101.2407721666,True,2,False
40113.887974272904,True,3,False
54933.77540672113,True,1,False
64239.149334345304,True,2,False
78711.41986327246,False,0,False
52009.05900904229,True,3,False
32507.203717038916,False,4,False
65195.74473906154,True,3,False
29406.075207338792,True,2,False
41567.82829377761,True,2,False
60655.664186452486,True,3,False
40002.55139178297,True,0,False
45957.96812136327,True,3,False
27371.887797299252,True,2,False
34764.79258634709,True,2,False
65067.68919969385,True,4,False
35718.697640356426,True,3,False
82744.23289405706,True,4,True
50218.66026486379,True,1,True
52062.43668216112,True,5,True
62834.184903826535,True,4,False
66200.54477012233,False,3,True
76284.53151407158,True,1,False
101976.45800149164,True,3,False
44191.17035977701,True,5,False
42277.74447827716,True,3,False
48843.267752448126,True,2,False
65053.99142151275,False,1,False
39015.43721009203,True,1,False
78407.59696056701,True,2,False
53103.106857307124,False,2,False
69527.47345958967,True,3,True
29680.806736108654,True,3,False
30002.094155037998,False,0,True
48742.12266200284,True,4,False
45606.07951567101,True,1,False
65681.12076500713,True,1,True
24722.38341851778,True,1,False
61790.06099754496,True,1,False
75473.30108260876,True,2,False
107304.24046171925,True,2,False
48221.74818193076,True,4,False
61690.48103674869,False,2,True
45848.3130971392,True,2,False
23197.502086904286,True,1,False
72252.68610406603,True,6,False
42617.454538550126,True,1,False
56014.98034361591,True,0,False
24868.69328109129,False,2,False
42313.495462824554,True,2,True
46507.04108636744,False,2,False
52980.79401249995,True,1,False
39016.18461406353,True,6,True
44592.572017284176,True,4,True
80098.8437823041,True,2,True
70604.99387939135,False,3,True
51598.30527480075,False,2,True
9741.839122132871,True,1,False
31731.497473653948,True,0,False
54412.616086143265,True,3,False
74184.61294447877,True,3,False
56539.890265401955,True,1,False
46552.500850926765,True,4,False
33972.17459474821,True,2,False
92419.8713169022,True,2,False
49485.66070225795,True,1,False
35976.42696152714,True,4,False
18939.294443203587,True,3,False
21161.792877763815,True,3,False
37415.58654305275,True,1,False
41526.18566178648,True,1,False
53660.25856622964,False,3,True
73288.23481070541,False,1,False
68950.23817151134,True,1,False
48346.04509963203,True,3,False
20824.83214938613,True,1,False
58807.07987755827,False,0,False
63208.41871882623,True,3,False
72988.18587332494,False,1,False
17680.473325658884,True,3,False
96465.33968909456,False,2,True
32222.806039286508,True,1,True
72805.0110534241,True,3,False
67580.28309114015,False,2,False
52005.79445014078,True,1,False
54601.208087668005,True,1,False
40115.9690167459,True,4,False
59345.0443036558,True,2,True
27823.67357426909,True,4,False
84917.17940546272,True,2,False
33836.22683503724,True,4,False
40584.89801750436,True,3,False
49963.424823117995,True,5,False
48583.2630416782,True,6,True
50732.398527164456,True,2,True
42031.09450021266,False,1,False
28445.585084167968,True,2,False
60823.86014600862,True,2,False
16955.146452930203,True,3,False
41347.24967332944,False,1,False
9107.419923974638,True,4,False
44546.79119550166,False,6,True
50399.90972412839,True,3,False
12394.231788624304,True,4,False
14969.945923592983,True,2,False
34985.59331014374,True,1,False
20466.855529638935,True,0,False
56220.301487563826,True,2,True
32714.294761189285,True,2,False
37840.134056635055,True,2,False
66098.66781464651,True,4,False
59171.09948037843,True,1,False
52569.02134492586,True,1,False
30711.07459205068,True,6,True
9795.666908678744,True,3,False
46798.5102678339,True,5,False
30594.573481835225,False,3,False
51747.828578402434,True,2,True
51480.08023885731,True,3,False
58742.26015841465,True,0,False
38714.20294561962,True,2,False
57475.49749804479,False,2,True
54992.189164194235,False,1,True
22710.58292765438,True,5,False
82602.59929748821,True,1,False
81482.93572064818,True,3,False
54677.30202018494,True,3,False
37458.14350455408,False,2,True
66340.73372518382,True,2,False
55745.45028054854,True,2,False
41319.354724619756,True,1,False
66289.33465497012,True,3,False
85233.40464273754,True,1,True
85395.81465674221,True,1,False
55393.35577974561,True,1,False
65572.54729284316,True,3,False
24080.39958704463,True,4,False
48486.578546858735,True,1,False
53050.51765795233,True,4,False
72774.36135712196,True,1,True
34436.37043249,True,0,False
30249.540751460107,True,2,False
36237.25875696821,True,1,True
65583.75154001608,True,5,True
72980.56125996588,True,1,False
30037.921781044566,True,1,False
44866.90926595404,True,4,False
62770.866345351984,False,2,False
57805.569541190926,True,0,False
51625.543351821376,True,0,False
50924.836500363985,False,4,False
41975.815869106445,True,4,False
78885.20093640758,True,2,False
58207.66553573784,False,1,False
4884.17337810505,True,2,False
40539.64665458092,True,0,False
36007.983825952724,True,3,False
41274.73935639943,True,1,False
42316.36668586049,True,4,False
72927.32150593662,True,0,False
54374.365322829755,False,0,True
99271.13864264518,True,3,False
60921.46343616535,True,4,False
23444.026530411382,False,1,True
80308.27630696418,True,1,False
60185.90647284016,True,0,False
44340.47446038501,True,3,False
65878.9306694251,True,1,False
41133.63395229302,False,2,False
51366.44259879635,True,4,True
72923.63806098879,True,3,False
28864.287337002355,True,1,False
43431.18525342372,False,4,False
60210.70756902473,True,2,False
8454.175981140012,True,1,False
66965.96358609735,False,3,False
59454.97946951391,True,2,False
26642.693854165795,True,0,False
71781.98005694889,False,1,False
52360.31928215812,True,2,True
55856.57687173367,True,1,False
79562.42452198968,True,3,False
48013.71324415936,True,3,False
62381.6633877602,True,2,False
13208.699043557936,True,1,True
87149.5441859146,False,4,True
78676.6567731969,True,3,False
35306.57812646281,True,2,False
55977.16927501159,False,3,True
42714.19808215178,True,2,False
26827.934726810297,False,2,False
26649.61759846308,True,3,True
48571.70043254693,True,6,False
44632.62401725238,True,5,False
67672.13571988337,True,1,False
42343.650380265,False,3,False
78403.69877563897,False,3,True
58704.23056579205,True,0,False
41581.981228501194,True,2,False
54157.21002134161,True,3,False
59427.82525529982,True,1,False
71159.21427677585,True,1,False
44482.08557119652,True,2,False
53514.17885209133,True,4,False
43954.61215834947,True,2,False
56190.638606084765,True,2,True
30467.59368272888,True,1,False
61295.52528628301,True,2,False
35244.89506334235,True,2,False
28245.026492926638,True,1,False
29913.24347412187,True,0,False
58748.48971445869,True,0,False
62537.541270580434,False,3,False
78304.09053403647,True,0,False
38564.46182781225,True,1,False
34986.38025896689,True,1,False
17296.049800315017,True,2,False
55135.66514649446,True,0,False
75867.39774971342,True,0,False
60673.90496012386,True,2,True
38744.06138495937,False,3,False
66168.22353865394,True,2,False
80490.34362231806,True,2,True
47404.55551203083,True,3,False
27704.522779255058,True,1,False
73401.54126059262,True,1,False
31097.822677739605,True,0,False
15987.455006972443,False,3,True
50945.974862574556,False,1,False
49759.51942173624,True,4,False
36187.829170333534,True,1,False
44343.80009914907,False,1,True
53402.240033085924,True,1,False
42723.48548904202,True,3,False
29370.509121785115,False,0,True
32068.28918705617,True,3,False
91090.2977880952,True,2,False
64205.97157242069,True,3,True
19604.223932960158,False,3,False
40861.30321730514,True,0,False
43178.141357167835,True,2,False
58756.45757020574,True,1,False
41174.74390288649,False,3,False
44481.795751959384,False,5,False
6076.314067158404,True,4,False
61409.721721593814,True,3,False
19536.550716523045,False,2,True
31084.56707853445,True,1,True
68794.14983891182,True,4,True
56256.44473533693,True,2,False
43930.24481003129,False,1,False
51452.54776358805,True,2,False
75152.26225153301,True,1,False
45679.97156853773,True,1,False
46576.412604072015,False,1,True
48215.93404616664,True,5,False
80747.9346136858,True,4,True
44464.97938443493,True,0,False
71050.94621469497,True,2,False
65444.59866966583,False,4,False
31996.79544252674,True,1,False
68779.14356469703,True,1,False
14638.865616512056,False,1,False
73540.01273580674,True,3,False
65638.85070903836,False,0,True
30414.95333991266,True,1,False
71169.49544237928,True,2,False
54381.431250753376,True,1,False
105367.47211251887,True,1,False
31337.618226277165,True,3,False
29979.809110343715,True,1,False
41508.036679557146,True,0,False
51742.12438611942,False,2,False
58567.05827542897,False,2,False
41529.1333321844,True,1,True
44348.33233766033,True,2,False
58424.947573819605,True,6,True
71976.28141354403,True,2,False
47406.538959427984,True,1,False
41021.83225373987,True,2,False
60095.01377142661,True,3,False
48848.97059523681,False,3,False
46034.50566571357,True,0,False
56617.34056812702,False,0,False
38570.98790691497,False,4,True
6773.922273952761,True,2,False
50912.58659975728,True,2,False
43538.48514645951,True,2,False
44133.20270722525,True,3,False
7656.566240097673,True,0,False
35536.63122341214,True,5,False
45639.88737757752,False,1,False
62738.16158005971,False,1,False
64304.73167782465,True,0,False
65543.64544209646,True,0,False
26040.84075318676,True,1,False
61173.905658436386,False,2,False
67659.7241092358,False,6,True
10419.626130205754,False,0,True
42612.727621435144,True,2,False
66536.7726141823,True,1,True
30556.7556411335,True,2,False
57577.67575605672,True,1,False
53222.31917712355,False,5,False
41893.97878393314,True,0,False
78672.67217635756,False,2,False
16576.25334206735,True,2,False
52412.695217869084,True,2,False
70045.38545237026,True,1,False
40028.03928651652,True,5,True
61893.970599616245,True,4,False
41925.93132004186,True,1,False
69585.19488573926,True,1,False
86957.33991404207,True,1,False
70592.08722839385,True,2,True
57010.029936442086,True,2,False
19486.75181426316,False,4,False
49571.970041816036,True,3,False
61701.42688768163,True,2,False
61116.520551502545,True,4,True
74428.47186783905,True,0,False
59400.27322493323,True,1,False
42480.32841296268,True,1,False
17794.737624163998,True,0,False
42549.810029323904,True,1,False
70129.66659980569,True,2,False
75046.92724596016,True,2,False
52486.871697622606,True,0,False
67143.16776846576,True,2,False
16160.775606248506,True,1,False
26639.7615231259,True,0,False
53643.41255424204,True,2,False
40996.90160314544,True,0,False
48635.949393346615,True,2,False
64694.97191482017,False,0,True
60038.00467401344,True,3,True
72468.54574191524,True,3,False
76096.6952663866,False,2,False
41869.46149793678,True,1,False
29949.087352209557,True,3,False
16639.69712664588,True,2,True
12340.331066565472,False,1,False
100607.39337283379,True,3,False
45080.093232885985,True,2,False
27725.08959156251,True,2,False
59094.08792833549,True,1,False
43507.60651204117,False,1,False
34987.46356046489,True,2,False
26902.119276682566,True,2,False
68460.89654453524,True,2,False
39503.656074142695,True,3,False
55640.13973512122,True,2,False
21611.336069099805,False,1,False
68661.33211441971,True,3,False
43958.05917950789,False,3,False
40846.46014023134,True,1,False
53859.79283545859,True,2,True
44632.57412082063,False,1,True
78540.17805398123,True,2,False
68676.20852149994,True,2,False
18222.401603899005,False,2,True
57704.253045187084,False,1,True
52286.17506118496,True,3,False
33869.80741948835,True,2,False
35557.21566742274,True,1,False
81279.84309693551,True,1,False
26696.667684823515,True,1,False
41997.50830562513,True,2,True
63735.4814100671,False,1,True
61114.84356085785,True,2,True
25950.32602837414,False,2,False
51172.17834743585,True,3,False
27810.888891075603,True,1,True
26015.913498087135,True,1,False
55119.54292837542,True,2,True
62547.8414816737,True,1,False
71944.4265934365,False,1,True
72005.50360290479,True,5,False
45376.744492646554,True,1,False
48821.06932962092,True,2,False
33312.527754097566,False,3,True
63137.974126392946,False,4,True
84935.74773203903,True,1,False
73503.15652588283,True,4,True
32203.104581177166,False,1,True
57837.62524491169,True,3,False
63769.91949123133,True,2,True
85508.29150309379,True,4,False
29746.288732630142,True,2,False
38636.55544155408,True,1,False
50357.44212935413,True,2,False
10033.100657107476,False,2,True
53475.384039145465,True,2,False
33047.45575006232,True,2,False
54338.88655191493,True,3,False
61833.1416787089,True,1,False
49267.94674610106,True,2,False
60087.3013143682,True,1,True
62371.12713955849,True,0,True
67347.06757837755,True,1,False
55513.26395268516,False,3,True
71906.98388797448,True,1,False
64925.87719776908,True,3,False
43091.69151872334,True,1,True
45895.739875480744,True,4,False
57178.35167481319,True,5,False
65401.002178351715,True,2,True
50963.775094958044,True,2,False
78112.95195015927,True,3,True
61258.2132057017,False,3,True
44375.92809194466,False,2,False
18232.61503498835,True,1,True
52495.469758223124,False,2,False
56486.91422389848,False,2,False
43931.212257260166,True,2,False
46426.38224784033,True,2,False
46660.823386940996,True,2,False
40860.16332349537,False,2,False
38418.76797321551,True,3,False
36785.369882220555,True,4,True
48441.54528642968,True,2,False
54778.26480882775,True,0,True
24458.308753377623,False,3,False
33276.10298591659,True,2,False
79094.99070741178,False,5,False
1137.0938953853693,True,0,False
43780.570670278554,True,3,False
73748.54303364,True,3,False
36746.17033023929,True,1,False
32123.671388367748,True,2,False
56965.16443028266,True,4,False
40428.914665645636,True,1,False
23351.0043800359,True,5,True
60560.72009095929,True,1,False
63717.8091287584,False,0,False
33942.69519532143,True,4,True
47035.542223137585,True,3,False
89375.14618867918,True,2,False
3245.4571894595865,False,5,True
39075.52631067788,True,1,False
58533.11621184952,True,5,False
28538.98082587068,True,5,True
18157.92660724346,True,3,False
48739.540452402194,True,4,False
53645.6044707574,False,5,True
87910.1469198271,True,0,False
24812.574500680737,True,1,False
46894.61391792481,True,1,False
64810.4030659999,True,3,True
32166.90425318438,True,2,False
42775.39614171254,True,1,True
54905.834852738706,True,1,False
22610.72450687884,True,2,False
34070.387630032754,True,0,False
52868.11922142609,True,2,True
25129.686553518157,True,1,False
52369.190974784404,True,1,False
47408.20778651909,True,3,False
41098.853122254935,True,2,False
48733.935544373264,True,6,True
83937.79639161279,False,3,True
108340.65542417314,False,4,False
30911.227474180734,True,1,False
72129.23541624143,False,3,False
19666.74907428157,True,1,False
48259.69553363725,False,0,False
71097.84825103494,True,1,False
85216.62679875466,True,1,False
41096.29175683506,True,0,False
33613.16814530853,True,3,False
40059.386186681826,True,3,False
72129.14304589288,True,0,False
56650.83180912886,False,2,True
29837.86986479144,True,0,False
32803.4905842421,True,1,False
57646.60655599774,True,4,False
59840.081082059194,True,0,False
70103.18213380179,True,2,False
41774.791390330334,True,1,False
38738.37845895253,True,4,False
70835.8823804319,True,2,False
22123.64704251589,True,2,False
29212.567881380408,True,1,False
28154.436719376336,False,3,True
34383.708058341756,True,4,True
40409.50010736432,True,2,False
27235.081078801402,False,0,True
28227.303138819225,True,0,False
25794.764183061223,True,1,False
47807.482990245684,False,0,True
48376.136317290606,True,4,False
65286.592282607715,True,2,False
53658.29127240512,True,4,False
56656.31868652127,True,2,False
41577.39530397832,True,2,False
40291.172617918004,True,4,False
56210.79275828408,True,2,True
36299.63114129871,False,1,False
52510.90558599527,False,2,False
45611.753580558594,True,2,False
45127.39888564139,True,2,True
78086.32563989905,True,5,False
65593.9236435899,True,1,False
72053.84092148757,False,2,False
16749.509957278155,True,1,False
59754.30852397363,True,2,False
63694.29708099784,True,2,False
77113.23791779856,True,2,False
50645.296215425056,True,2,False
20727.470839354257,True,2,True
50924.232073418345,True,2,False
31842.623830451812,True,2,True
41298.947995282804,False,3,False
39637.318866662856,True,1,False
80166.21497495101,True,3,True
83563.5984424974,True,1,True
12108.376990553945,False,2,False
75094.89674675307,False,4,True
65895.17044943868,True,4,False
91213.77867455836,False,2,True
35176.746627303415,True,3,False
44824.711762552426,False,3,False
50874.207939839675,True,1,False
68610.66638649182,True,0,False
58576.42012024296,True,2,True
51920.185359941,True,2,False
42190.5000611222,True,1,False
55639.10396370998,True,1,False
33826.79916684573,True,5,False
54888.959169949056,True,1,False
42840.66222493204,False,1,False
35848.442179629725,True,3,True
31139.8119204019,True,1,False
40882.345292559614,True,0,False
48998.38802287067,True,2,False
61345.12804116,False,5,False
30565.65641446146,True,1,False
28555.28093289388,True,8,True
49403.924362971185,True,0,False
31321.161851639827,True,1,False
56613.86453313711,True,1,False
48672.673564578945,True,3,False
2403.714351392766,True,5,False
38079.26900304936,True,1,False
57969.97557456811,True,1,True
54965.17083523367,True,2,False
1000.0,True,1,False
68355.44301103,True,2,False
70659.92158192779,False,1,False
76196.26670384248,False,3,True
54769.403178290944,True,2,False
57551.094656758214,True,2,False
42908.187349940374,False,3,False
61266.71006117812,True,5,False
24658.85795869866,True,1,False
14964.881664202345,False,0,False
26436.40625331446,True,3,False
48882.07066772809,True,1,False
68832.38027102982,False,5,True
23361.737792178283,True,2,False
21147.286579736385,True,3,False
45361.51995772754,False,1,False
37320.130734869716,True,0,False
39878.21417616223,False,3,False
46268.534938892706,True,3,False
66529.06221717525,True,2,False
56174.36788387681,True,1,False
76169.48338400327,True,0,True
75420.6019886228,False,2,True
63171.032040080216,True,0,False
36893.44953598411,True,1,False
26459.367370938577,True,1,False
76466.81844979877,True,5,False
48764.47875458879,True,1,False
61231.46941142209,True,2,False
23721.1100658006,False,2,False
32967.65519626584,True,3,False
71859.18221793337,True,5,True
35975.00911191847,True,2,False
25457.41726179959,True,1,False
51197.05922759368,True,3,False
56429.17571781851,True,0,False
25525.103066874613,True,1,False
63111.08716576906,True,3,False
24590.235088363566,True,1,False
26283.701779701096,True,4,True
55374.10905893747,True,2,False
40675.452165657756,True,0,False
42644.959929705605,True,0,False
44388.56586802895,False,2,False
26684.587656660664,True,2,True
59001.09342370293,True,5,False
72089.55407674934,False,0,True
44296.23106512681,True,0,False
48474.43696520835,True,3,False
44779.82551655373,True,0,False
31108.465601581825,False,4,True
53268.954932349545,False,2,True
40962.160615543144,False,0,False
75945.95067851091,False,3,True
74747.39587127199,True,2,False
50029.34742884221,True,1,False
38788.90860571596,True,5,False
40909.55185963167,False,3,True
64246.70533626735,True,2,False
92706.42247951915,True,1,False
39525.91434220949,True,3,False
73544.1757483383,False,3,True
43988.612188295025,True,4,False
43566.72838901767,False,1,True
24298.240602669477,True,0,False
33021.90687259071,True,3,False
68135.68533350859,True,7,False
59192.74636149632,True,0,False
16614.189401110627,True,4,False
54591.452821485065,True,2,False
36199.214280147644,True,1,True
74533.19668621058,True,3,False
77788.86267035588,True,3,False
45161.60682525672,True,1,False
76601.13196424101,True,2,False
54757.503126977346,True,3,False
59576.9514643547,True,1,True
67019.6535701353,False,2,False
24357.72377733872,False,1,False
43892.22761591815,True,3,True
44447.62601726964,True,0,False
37220.29891866645,False,2,False
77511.03826726414,True,2,False
50687.87590615166,True,4,False
42040.16450221556,True,1,False
61948.59071057776,True,4,False
16409.944141731932,False,3,False
39120.33173254633,True,2,False
25492.991268354,True,2,False
88345.75937211508,True,0,False
40932.55158740324,True,3,False
48959.78438365909,False,1,False
55232.36869092403,True,2,False
24425.282903614872,False,1,True
38144.01533642706,True,2,False
57017.4106918543,True,5,False
42931.01942500261,True,5,False
59442.808048511324,True,2,False
49199.25584957802,False,1,False
76326.89675039038,True,2,False
37320.667487399944,True,1,False
83053.70929363888,True,5,False
73199.24933682822,True,1,False
45328.96912847237,False,2,False
58602.859486307425,True,1,False
53423.74287491326,True,3,False
61397.527519590454,True,2,False
54098.01715954249,True,3,False
60445.936832331834,True,1,True
25026.23029142822,True,1,False
66364.5323291923,True,2,True
38195.70775599021,True,2,False
72883.1694358383,True,1,False
55033.01331359279,True,3,True
59190.15533277323,True,0,False
43011.50098728585,False,3,False
93546.40762084443,True,2,False
2424.761454825966,True,3,False
64371.93046500075,True,2,True
80190.47985397709,False,2,False
20881.701610683886,True,2,False
7519.458482422975,True,2,False
42538.8131123598,True,3,False
14813.010224327423,False,3,False
60068.682156938215,True,2,False
27917.090866721617,True,0,False
69621.41847757428,False,3,False
10894.896818168556,True,1,False
25010.47022916198,True,4,False
60272.18588830443,True,1,False
90038.44918496722,True,3,False
33072.033884446246,True,1,False
78677.6893639254,True,1,False
39996.94637570541,True,3,True
43200.32555296962,True,1,True
25489.305555701954,True,1,False
67461.32132664199,True,1,True
55995.897483263274,True,2,False
76988.8501127765,True,5,False
28659.407908118414,True,0,False
11494.755748250289,True,5,True
43049.99400588179,True,1,False
13279.894332863376,True,1,False
82077.32134535731,False,3,False
76458.52320671064,True,2,False
20634.74626075906,True,0,False
21558.830056641378,True,2,False
76632.70859935679,True,6,True
64459.93869248647,True,0,False
49955.74580080488,True,1,False
35706.48420431856,True,1,False
71997.66547106938,False,2,False
65358.753270330744,True,1,False
70659.48469828062,True,3,False
74644.08474827823,True,3,True
58427.20508613417,True,1,False
48667.97945956053,False,1,False
83512.72587691125,True,2,True
42756.58122283095,True,0,False
43370.012234009715,False,1,False
46383.85109825547,True,2,False
55376.22394364084,True,2,False
45146.670771457546,True,2,False
71543.24952881609,False,0,False
27924.82874795367,True,2,False
60193.32418000046,False,0,False
40062.477453169435,True,1,False
40164.667746875944,False,1,False
42481.43509057287,True,1,False
37177.76691694461,True,4,False
50402.478059914145,True,2,False
75481.27167032298,True,2,True
57079.01588753964,True,1,False
